{"chunk_definitions":[{"row":59,"row_count":1,"visible":true,"expansion_state":0,"options":{"engine":"r","label":"readr-adult"},"document_id":"8CF7349C","chunk_id":"ctkv4ke2nkw5m","chunk_label":"readr-adult"},{"row":78,"row_count":1,"visible":true,"expansion_state":0,"options":{"engine":"r","label":"dplyr-select"},"document_id":"8CF7349C","chunk_id":"czt5lvjpofqwi","chunk_label":"dplyr-select"},{"row":88,"row_count":1,"visible":true,"expansion_state":0,"options":{"engine":"r","label":"adult-if_else"},"document_id":"8CF7349C","chunk_id":"c77uqfn8cnqjs","chunk_label":"adult-if_else"},{"row":100,"row_count":1,"visible":true,"expansion_state":0,"options":{"engine":"r","label":"ggplot-data"},"document_id":"8CF7349C","chunk_id":"cnxb4a0hox0yd","chunk_label":"ggplot-data"},{"row":106,"row_count":1,"visible":true,"expansion_state":0,"options":{"engine":"r","label":"geom-boxplot"},"document_id":"8CF7349C","chunk_id":"c8bfww9jslwmo","chunk_label":"geom-boxplot"},{"row":113,"row_count":1,"visible":true,"expansion_state":0,"options":{"engine":"r","label":"geom-histogram"},"document_id":"8CF7349C","chunk_id":"cq396apnxdv5t","chunk_label":"geom-histogram"},{"row":118,"row_count":1,"visible":true,"expansion_state":0,"options":{"engine":"r","label":"aes-fill"},"document_id":"8CF7349C","chunk_id":"csjioso33yc09","chunk_label":"aes-fill"},{"row":129,"row_count":1,"visible":true,"expansion_state":0,"options":{"engine":"r","label":"map_dbl"},"document_id":"90D87301","chunk_id":"csf7xs0dw1fpk","chunk_label":"map_dbl"},{"row":146,"row_count":1,"visible":true,"expansion_state":0,"options":{"engine":"r","label":"regressao-reta","echo":false,"warning":false,"message":false,"fig.cap":"Uma relação entre variáveis representada por uma reta de tendência"},"document_id":"90D87301","chunk_id":"cwotpj68gpm3t","chunk_label":"regressao-reta"},{"row":158,"row_count":1,"visible":true,"expansion_state":0,"options":{"engine":"r","label":"regressao-mse","echo":false,"warning":false,"message":false,"fig.cap":"A melhor reta que minimiza a distância dos erros"},"document_id":"90D87301","chunk_id":"c81ei8ygsyo7y","chunk_label":"regressao-mse"},{"row":163,"row_count":1,"visible":true,"expansion_state":0,"options":{"engine":"r","label":"kidiq-model1"},"document_id":"90D87301","chunk_id":"cxdz5sjx7m7eb","chunk_label":"kidiq-model1"}],"doc_write_time":1619735620,"chunk_rendered_width":490}