{"working_dir":null,"default_chunk_options":{"echo":true},"chunk_definitions":[{"row":10,"row_count":1,"visible":true,"expansion_state":0,"options":{"engine":"r","label":"setup","include":false},"document_id":"95510A12","chunk_id":"csetup_chunk","chunk_label":"setup"},{"row":37,"row_count":1,"visible":true,"expansion_state":0,"options":{"engine":"r","label":"magrittr"},"document_id":"95510A12","chunk_id":"c48ng604gsd4l","chunk_label":"magrittr"},{"row":64,"row_count":1,"visible":true,"expansion_state":0,"options":{"engine":"r","label":"readr-adult"},"document_id":"95510A12","chunk_id":"cnudgl9mjs3rh","chunk_label":"readr-adult"},{"row":71,"row_count":1,"visible":true,"expansion_state":0,"options":{"engine":"r","label":"readr-countries_of_the_world"},"document_id":"95510A12","chunk_id":"cwfjinwubrosi","chunk_label":"readr-countries_of_the_world"},{"row":76,"row_count":1,"visible":true,"expansion_state":0,"options":{"engine":"r","label":"readr-covid"},"document_id":"95510A12","chunk_id":"ctvhxdbh8zndt","chunk_label":"readr-covid"},{"row":91,"row_count":1,"visible":true,"expansion_state":0,"options":{"engine":"r","label":"dplyr-select"},"document_id":"95510A12","chunk_id":"c384x4vuow8hd","chunk_label":"dplyr-select"},{"row":98,"row_count":1,"visible":true,"expansion_state":0,"options":{"engine":"r","label":"dplyr-rename_with"},"document_id":"95510A12","chunk_id":"cu8q575qi1sz1","chunk_label":"dplyr-rename_with"},{"row":115,"row_count":1,"visible":true,"expansion_state":0,"options":{"engine":"r","label":"janitor"},"document_id":"95510A12","chunk_id":"cs9e1vtygg36z","chunk_label":"janitor"},{"row":123,"row_count":1,"visible":true,"expansion_state":0,"options":{"engine":"r","label":"adult-arrange"},"document_id":"95510A12","chunk_id":"crm6sai7im120","chunk_label":"adult-arrange"},{"row":132,"row_count":1,"visible":true,"expansion_state":0,"options":{"engine":"r","label":"adult-count"},"document_id":"95510A12","chunk_id":"clgvufruywooh","chunk_label":"adult-count"},{"row":149,"row_count":1,"visible":true,"expansion_state":0,"options":{"engine":"r","label":"dplyr-mutate"},"document_id":"95510A12","chunk_id":"cun3aigkzbupi","chunk_label":"dplyr-mutate"},{"row":159,"row_count":1,"visible":true,"expansion_state":0,"options":{"engine":"r","label":"dplyr-transmute"},"document_id":"95510A12","chunk_id":"clgz5mfybpc4h","chunk_label":"dplyr-transmute"},{"row":166,"row_count":1,"visible":true,"expansion_state":0,"options":{"engine":"r","label":"dplyr-mutate_all"},"document_id":"95510A12","chunk_id":"cd0fj0y1c6lys","chunk_label":"dplyr-mutate_all"},{"row":177,"row_count":1,"visible":true,"expansion_state":0,"options":{"engine":"r","label":"adult-if_else"},"document_id":"95510A12","chunk_id":"cqbjrn316n1cq","chunk_label":"adult-if_else"},{"row":205,"row_count":1,"visible":true,"expansion_state":0,"options":{"engine":"r","label":"adult-case_when"},"document_id":"95510A12","chunk_id":"c50xcn9cu9ui2","chunk_label":"adult-case_when"},{"row":218,"row_count":1,"visible":true,"expansion_state":0,"options":{"engine":"r","label":"adult-group_by"},"document_id":"95510A12","chunk_id":"c8h07xom2b8n1","chunk_label":"adult-group_by"},{"row":232,"row_count":1,"visible":true,"expansion_state":0,"options":{"engine":"r","label":"covid-group_by"},"document_id":"95510A12","chunk_id":"c7jec02fpm7g9","chunk_label":"covid-group_by"},{"row":243,"row_count":1,"visible":true,"expansion_state":0,"options":{"engine":"r","label":"covid-group_by-multiple"},"document_id":"95510A12","chunk_id":"cxxiuz4a992wh","chunk_label":"covid-group_by-multiple"},{"row":257,"row_count":1,"visible":true,"expansion_state":0,"options":{"engine":"r","label":"dplyr-across"},"document_id":"95510A12","chunk_id":"cff81r75yjgmx","chunk_label":"dplyr-across"},{"row":274,"row_count":1,"visible":true,"expansion_state":0,"options":{"engine":"r","label":"ex-ungroup"},"document_id":"95510A12","chunk_id":"ck411zdpi8x5k","chunk_label":"ex-ungroup"},{"row":279,"row_count":1,"visible":true,"expansion_state":0,"options":{"engine":"r","label":"limpeza-total"},"document_id":"95510A12","chunk_id":"cj4cfqolnzszs","chunk_label":"limpeza-total"},{"row":297,"row_count":1,"visible":true,"expansion_state":0,"options":{"engine":"r","label":"join-covid-countries"},"document_id":"95510A12","chunk_id":"crh0cmh6ytbpi","chunk_label":"join-covid-countries"},{"row":303,"row_count":1,"visible":true,"expansion_state":0,"options":{"engine":"r","label":"covid-china"},"document_id":"95510A12","chunk_id":"ceymel9undoov","chunk_label":"covid-china"},{"row":308,"row_count":1,"visible":true,"expansion_state":0,"options":{"engine":"r","label":"countries-china"},"document_id":"95510A12","chunk_id":"c0wa0n2iqeim6","chunk_label":"countries-china"},{"row":324,"row_count":1,"visible":true,"expansion_state":0,"options":{"engine":"r","label":"covid-join-plot"},"document_id":"95510A12","chunk_id":"ch9hstafdngv1","chunk_label":"covid-join-plot"},{"row":348,"row_count":1,"visible":true,"expansion_state":0,"options":{"engine":"r","label":"tidyr-relig_income"},"document_id":"95510A12","chunk_id":"chyqf4pne2qhv","chunk_label":"tidyr-relig_income"},{"row":363,"row_count":1,"visible":true,"expansion_state":0,"options":{"engine":"r","label":"tidyr-billboard"},"document_id":"95510A12","chunk_id":"cnhalzolohy9t","chunk_label":"tidyr-billboard"},{"row":373,"row_count":1,"visible":true,"expansion_state":0,"options":{"engine":"r","label":"tidyr-fish_encounters"},"document_id":"95510A12","chunk_id":"cbc2u1hvk9go7","chunk_label":"tidyr-fish_encounters"},{"row":390,"row_count":1,"visible":true,"expansion_state":0,"options":{"engine":"r","label":"repurrrsive"},"document_id":"95510A12","chunk_id":"c5nb47t3v4ium","chunk_label":"repurrrsive"},{"row":402,"row_count":1,"visible":true,"expansion_state":0,"options":{"engine":"r","label":"tidyr-separate"},"document_id":"95510A12","chunk_id":"cjrz5wemd4ryd","chunk_label":"tidyr-separate"},{"row":415,"row_count":1,"visible":true,"expansion_state":0,"options":{"engine":"r","label":"dbplyr"},"document_id":"95510A12","chunk_id":"c45bkhkb2fxrc","chunk_label":"dbplyr"},{"row":428,"row_count":1,"visible":true,"expansion_state":0,"options":{"engine":"r","label":"dbplyr-stuff"},"document_id":"95510A12","chunk_id":"czoy9mf7bn0cw","chunk_label":"dbplyr-stuff"}],"doc_write_time":1619712553}