{"chunk_definitions":[{"row":12,"row_count":1,"visible":true,"expansion_state":0,"options":{"engine":"r","label":"readr-adult"},"document_id":"1021C78C","chunk_id":"cfzkohq7yhd7h","chunk_label":"readr-adult"},{"row":34,"row_count":1,"visible":true,"expansion_state":0,"options":{"engine":"r","label":"exemplo-rnorm"},"document_id":"6C257FB8","chunk_id":"cn9t5nskf8u1a","chunk_label":"exemplo-rnorm"},{"row":52,"row_count":1,"visible":true,"expansion_state":0,"options":{"engine":"r","label":"map_dbl"},"document_id":"6C257FB8","chunk_id":"ca9gfu3zg5a00","chunk_label":"map_dbl"},{"row":61,"row_count":1,"visible":true,"expansion_state":0,"options":{"engine":"r","label":"map-tilde"},"document_id":"6C257FB8","chunk_id":"c1g7j5wuoi3c9","chunk_label":"map-tilde"},{"row":76,"row_count":1,"visible":true,"expansion_state":0,"options":{"engine":"r","label":"purrr-walk"},"document_id":"6C257FB8","chunk_id":"cnba15hlkgvzj","chunk_label":"purrr-walk"}],"doc_write_time":1619734330}