{"chunk_definitions":[{"row":63,"row_count":1,"visible":true,"expansion_state":0,"options":{"engine":"r","label":"readr-german"},"document_id":"90D87301","chunk_id":"cnzc96rh1uyz5","chunk_label":"readr-german"},{"row":84,"row_count":1,"visible":true,"expansion_state":0,"options":{"engine":"r","label":"dplyr-select"},"document_id":"90D87301","chunk_id":"cml08hqrfgesm","chunk_label":"dplyr-select"},{"row":98,"row_count":1,"visible":true,"expansion_state":0,"options":{"engine":"r","label":"german-if_else"},"document_id":"90D87301","chunk_id":"cje12yasor0av","chunk_label":"german-if_else"},{"row":111,"row_count":1,"visible":true,"expansion_state":0,"options":{"engine":"r","label":"ggplot-data"},"document_id":"90D87301","chunk_id":"cm7h4d1mn6ni3","chunk_label":"ggplot-data"},{"row":119,"row_count":1,"visible":true,"expansion_state":0,"options":{"engine":"r","label":"geom-boxplot"},"document_id":"90D87301","chunk_id":"cdxd8bcmjtt7g","chunk_label":"geom-boxplot"},{"row":127,"row_count":1,"visible":true,"expansion_state":0,"options":{"engine":"r","label":"geom-histogram"},"document_id":"90D87301","chunk_id":"c901v6osafak9","chunk_label":"geom-histogram"},{"row":135,"row_count":1,"visible":true,"expansion_state":0,"options":{"engine":"r","label":"aes-fill"},"document_id":"90D87301","chunk_id":"c60199ortdf02","chunk_label":"aes-fill"},{"row":157,"row_count":1,"visible":true,"expansion_state":0,"options":{"engine":"r","label":"regressao-reta","echo":false,"warning":false,"message":false,"fig.cap":"Uma relação entre variáveis representada por uma reta de tendência"},"document_id":"90D87301","chunk_id":"cokuaaezlg9l3","chunk_label":"regressao-reta"},{"row":174,"row_count":1,"visible":true,"expansion_state":0,"options":{"engine":"r","label":"regressao-mse","echo":false,"warning":false,"message":false,"fig.cap":"A melhor reta que minimiza a distância dos erros"},"document_id":"90D87301","chunk_id":"ceovv3vik0f3t","chunk_label":"regressao-mse"},{"row":181,"row_count":1,"visible":true,"expansion_state":0,"options":{"engine":"r","label":"german_model"},"document_id":"90D87301","chunk_id":"cxgohx00hcssp","chunk_label":"german_model"},{"row":190,"row_count":1,"visible":true,"expansion_state":0,"options":{"engine":"r","label":"german-model1"},"document_id":"90D87301","chunk_id":"c9pyd6fptrnm1","chunk_label":"german-model1"},{"row":196,"row_count":1,"visible":true,"expansion_state":0,"options":{"engine":"r","label":"german-model2"},"document_id":"90D87301","chunk_id":"cxqmotcwr3lld","chunk_label":"german-model2"},{"row":202,"row_count":1,"visible":true,"expansion_state":0,"options":{"engine":"r","label":"kidiq-model3"},"document_id":"90D87301","chunk_id":"cbkzdp3y5mt2z","chunk_label":"kidiq-model3"},{"row":212,"row_count":1,"visible":true,"expansion_state":0,"options":{"engine":"r","label":"exp-logit"},"document_id":"90D87301","chunk_id":"c2vntipxvoib6","chunk_label":"exp-logit"},{"row":216,"row_count":1,"visible":true,"expansion_state":0,"options":{"engine":"r","label":"exp-logit2"},"document_id":"90D87301","chunk_id":"cipqfy16fi1u5","chunk_label":"exp-logit2"},{"row":222,"row_count":1,"visible":true,"expansion_state":0,"options":{"engine":"r","label":"ggeffects-lm"},"document_id":"90D87301","chunk_id":"cby9sifip359z","chunk_label":"ggeffects-lm"}],"doc_write_time":1619750112,"chunk_rendered_width":700}