{"chunk_definitions":[{"row":62,"row_count":1,"visible":true,"expansion_state":0,"options":{"engine":"r","label":"readr-german"},"document_id":"90D87301","chunk_id":"cnzc96rh1uyz5","chunk_label":"readr-german"},{"row":81,"row_count":1,"visible":true,"expansion_state":0,"options":{"engine":"r","label":"dplyr-select"},"document_id":"90D87301","chunk_id":"cml08hqrfgesm","chunk_label":"dplyr-select"},{"row":91,"row_count":1,"visible":true,"expansion_state":0,"options":{"engine":"r","label":"german-if_else"},"document_id":"90D87301","chunk_id":"cje12yasor0av","chunk_label":"german-if_else"}],"doc_write_time":1619746271,"chunk_rendered_width":700}