{"chunk_definitions":[{"row":38,"row_count":1,"visible":true,"expansion_state":0,"options":{"engine":"r","label":"regressao-reta","echo":false,"warning":false,"message":false,"fig.cap":"Uma relação entre variáveis representada por uma reta de tendência"},"document_id":"0772A960","chunk_id":"cw1in58jdwd1h","chunk_label":"regressao-reta"},{"row":56,"row_count":1,"visible":true,"expansion_state":0,"options":{"engine":"r","label":"regressao-mse","echo":false,"warning":false,"message":false,"fig.cap":"A melhor reta que minimiza a distância dos erros"},"document_id":"0772A960","chunk_id":"c4y2sq7p3mfvz","chunk_label":"regressao-mse"},{"row":76,"row_count":1,"visible":true,"expansion_state":0,"options":{"engine":"r","label":"kidiq"},"document_id":"0772A960","chunk_id":"clyxt9ekabu4u","chunk_label":"kidiq"},{"row":88,"row_count":1,"visible":true,"expansion_state":1,"options":{"engine":"r","label":"kidiq-model1"},"document_id":"0772A960","chunk_id":"c1piajd8xgind","chunk_label":"kidiq-model1"},{"row":93,"row_count":1,"visible":true,"expansion_state":1,"options":{"engine":"r","label":"kidiq-model2"},"document_id":"0772A960","chunk_id":"cx4q3303csyil","chunk_label":"kidiq-model2"},{"row":118,"row_count":1,"visible":true,"expansion_state":0,"options":{"engine":"r","label":"logit","warning":false,"message":false,"fig.cap":"Função Logística"},"document_id":"0772A960","chunk_id":"c5y1brziabn75","chunk_label":"logit"},{"row":136,"row_count":1,"visible":true,"expansion_state":0,"options":{"engine":"r","label":"wells"},"document_id":"0772A960","chunk_id":"cpbz71o5pgj4m","chunk_label":"wells"},{"row":143,"row_count":1,"visible":true,"expansion_state":0,"options":{"engine":"r","label":"wells-model"},"document_id":"0772A960","chunk_id":"ctk3ppcw44z6b","chunk_label":"wells-model"},{"row":149,"row_count":1,"visible":true,"expansion_state":0,"options":{"engine":"r","label":"exp-logit"},"document_id":"0772A960","chunk_id":"cm5rmrfpn9qgw","chunk_label":"exp-logit"},{"row":156,"row_count":1,"visible":true,"expansion_state":0,"options":{"engine":"r","label":"arsenic"},"document_id":"0772A960","chunk_id":"c0tnq6fso3ujn","chunk_label":"arsenic"}],"doc_write_time":1619060715,"chunk_rendered_width":575}