{"chunk_definitions":[{"row":59,"row_count":1,"visible":true,"expansion_state":0,"options":{"engine":"r","label":"readr-adult"},"document_id":"8CF7349C","chunk_id":"ctkv4ke2nkw5m","chunk_label":"readr-adult"},{"row":78,"row_count":1,"visible":true,"expansion_state":0,"options":{"engine":"r","label":"dplyr-select"},"document_id":"8CF7349C","chunk_id":"czt5lvjpofqwi","chunk_label":"dplyr-select"},{"row":88,"row_count":1,"visible":true,"expansion_state":0,"options":{"engine":"r","label":"adult-if_else"},"document_id":"8CF7349C","chunk_id":"c77uqfn8cnqjs","chunk_label":"adult-if_else"},{"row":100,"row_count":1,"visible":true,"expansion_state":0,"options":{"engine":"r","label":"ggplot-data"},"document_id":"8CF7349C","chunk_id":"cnxb4a0hox0yd","chunk_label":"ggplot-data"},{"row":106,"row_count":1,"visible":true,"expansion_state":0,"options":{"engine":"r","label":"geom-boxplot"},"document_id":"8CF7349C","chunk_id":"c8bfww9jslwmo","chunk_label":"geom-boxplot"},{"row":113,"row_count":1,"visible":true,"expansion_state":0,"options":{"engine":"r","label":"geom-histogram"},"document_id":"8CF7349C","chunk_id":"cq396apnxdv5t","chunk_label":"geom-histogram"},{"row":118,"row_count":1,"visible":true,"expansion_state":0,"options":{"engine":"r","label":"aes-fill"},"document_id":"8CF7349C","chunk_id":"csjioso33yc09","chunk_label":"aes-fill"}],"doc_write_time":1619714442,"chunk_rendered_width":467}