{"chunk_definitions":[{"row":29,"row_count":1,"visible":true,"expansion_state":0,"options":{"engine":"r","label":"exemplo-rnorm"},"document_id":"7D1A695D","chunk_id":"c8gpcwn28ider","chunk_label":"exemplo-rnorm"},{"row":47,"row_count":1,"visible":true,"expansion_state":0,"options":{"engine":"r","label":"map_dbl"},"document_id":"7D1A695D","chunk_id":"cng5hwk174633","chunk_label":"map_dbl"},{"row":56,"row_count":1,"visible":true,"expansion_state":0,"options":{"engine":"r","label":"map-tilde"},"document_id":"7D1A695D","chunk_id":"c9k37l5b4fymy","chunk_label":"map-tilde"},{"row":65,"row_count":1,"visible":true,"expansion_state":0,"options":{"engine":"r","label":"map-ggplot"},"document_id":"7D1A695D","chunk_id":"c4k95c0ioavgr","chunk_label":"map-ggplot"},{"row":78,"row_count":1,"visible":true,"expansion_state":0,"options":{"engine":"r","label":"purrr-walk"},"document_id":"7D1A695D","chunk_id":"c0p12jk1jlwt3","chunk_label":"purrr-walk"},{"row":89,"row_count":1,"visible":true,"expansion_state":0,"options":{"engine":"r","label":"purrr-walk2"},"document_id":"7D1A695D","chunk_id":"c5mhwfpiz3fl4","chunk_label":"purrr-walk2"},{"row":106,"row_count":1,"visible":true,"expansion_state":0,"options":{"engine":"r","label":"purrr-pwalk"},"document_id":"7D1A695D","chunk_id":"cowy19aryibx0","chunk_label":"purrr-pwalk"},{"row":140,"row_count":1,"visible":true,"expansion_state":0,"options":{"engine":"r","label":"purrr-sleep"},"document_id":"7D1A695D","chunk_id":"ckaj01buynvam","chunk_label":"purrr-sleep"},{"row":147,"row_count":1,"visible":true,"expansion_state":0,"options":{"engine":"r","label":"furrr"},"document_id":"7D1A695D","chunk_id":"cfi0y2z1stip1","chunk_label":"furrr"},{"row":156,"row_count":1,"visible":true,"expansion_state":0,"options":{"engine":"r","label":"furrr-sleep"},"document_id":"7D1A695D","chunk_id":"cglh0f8ijlv23","chunk_label":"furrr-sleep"},{"row":163,"row_count":1,"visible":true,"expansion_state":0,"options":{"engine":"r","label":"furrr-random"},"document_id":"7D1A695D","chunk_id":"cg69n6vj80tec","chunk_label":"furrr-random"},{"row":169,"row_count":1,"visible":true,"expansion_state":0,"options":{"engine":"r","label":"furrr-random2"},"document_id":"7D1A695D","chunk_id":"cvebux34sj17g","chunk_label":"furrr-random2"}],"doc_write_time":1619734236,"chunk_rendered_width":536}