{"chunk_definitions":[{"row":38,"row_count":1,"visible":true,"expansion_state":0,"options":{"engine":"r","label":"regressao-reta","echo":false,"warning":false,"message":false,"fig.cap":"Uma relação entre variáveis representada por uma reta de tendência"},"document_id":"84BA4225","chunk_id":"cslb0u64taqto","chunk_label":"regressao-reta"},{"row":56,"row_count":1,"visible":true,"expansion_state":0,"options":{"engine":"r","label":"regressao-mse","echo":false,"warning":false,"message":false,"fig.cap":"A melhor reta que minimiza a distância dos erros"},"document_id":"84BA4225","chunk_id":"cn5dlnspp2h2u","chunk_label":"regressao-mse"},{"row":76,"row_count":1,"visible":true,"expansion_state":0,"options":{"engine":"r","label":"kidiq"},"document_id":"84BA4225","chunk_id":"cn6mx54c0sae0","chunk_label":"kidiq"},{"row":93,"row_count":1,"visible":true,"expansion_state":1,"options":{"engine":"r","label":"kidiq-model2"},"document_id":"84BA4225","chunk_id":"ckpvcv3ws0bos","chunk_label":"kidiq-model2"},{"row":118,"row_count":1,"visible":true,"expansion_state":0,"options":{"engine":"r","label":"logit","warning":false,"message":false,"fig.cap":"Função Logística"},"document_id":"84BA4225","chunk_id":"colqdceakc5z2","chunk_label":"logit"},{"row":136,"row_count":1,"visible":true,"expansion_state":0,"options":{"engine":"r","label":"wells"},"document_id":"84BA4225","chunk_id":"cqm06w0hcjc8v","chunk_label":"wells"},{"row":143,"row_count":1,"visible":true,"expansion_state":0,"options":{"engine":"r","label":"wells-model"},"document_id":"84BA4225","chunk_id":"cmm3fex383ay6","chunk_label":"wells-model"},{"row":157,"row_count":1,"visible":true,"expansion_state":0,"options":{"engine":"r","label":"arsenic"},"document_id":"84BA4225","chunk_id":"ci62qdliazhkv","chunk_label":"arsenic"},{"row":190,"row_count":1,"visible":true,"expansion_state":0,"options":{"engine":"r","label":"exponential-function","fig.cap":"Função Exponencial"},"document_id":"84BA4225","chunk_id":"cg6q9husc6uap","chunk_label":"exponential-function"},{"row":208,"row_count":1,"visible":true,"expansion_state":0,"options":{"engine":"r","label":"roaches"},"document_id":"84BA4225","chunk_id":"c6wf35zs4kkou","chunk_label":"roaches"},{"row":217,"row_count":1,"visible":true,"expansion_state":0,"options":{"engine":"r","label":"roaches-model"},"document_id":"84BA4225","chunk_id":"c1d0re8ys846h","chunk_label":"roaches-model"},{"row":223,"row_count":1,"visible":true,"expansion_state":0,"options":{"engine":"r","label":"exp-poisson"},"document_id":"84BA4225","chunk_id":"cv2xwnom5q2rc","chunk_label":"exp-poisson"},{"row":232,"row_count":1,"visible":true,"expansion_state":0,"options":{"engine":"r","label":"ggeffects-lm"},"document_id":"84BA4225","chunk_id":"cbsdcxzry4s5p","chunk_label":"ggeffects-lm"},{"row":236,"row_count":1,"visible":true,"expansion_state":0,"options":{"engine":"r","label":"ggeffects-glm-logit"},"document_id":"84BA4225","chunk_id":"cuwcouvqfs8xe","chunk_label":"ggeffects-glm-logit"},{"row":240,"row_count":1,"visible":true,"expansion_state":0,"options":{"engine":"r","label":"ggeffects-glm-poisson"},"document_id":"84BA4225","chunk_id":"c7mvkwnrp9juo","chunk_label":"ggeffects-glm-poisson"}],"doc_write_time":1619663403,"chunk_rendered_width":575}