{"chunk_definitions":[{"row":27,"row_count":1,"visible":true,"expansion_state":0,"options":{"engine":"r","label":"ggplot-data"},"document_id":"A17797AB","chunk_id":"cx71kfpca3fty","chunk_label":"ggplot-data"},{"row":32,"row_count":1,"visible":true,"expansion_state":0,"options":{"engine":"r","label":"ggplot-aes"},"document_id":"A17797AB","chunk_id":"chusbv60bxs2o","chunk_label":"ggplot-aes"},{"row":40,"row_count":1,"visible":true,"expansion_state":0,"options":{"engine":"r","label":"ggplot-geom"},"document_id":"A17797AB","chunk_id":"c4avylazz28vx","chunk_label":"ggplot-geom"},{"row":55,"row_count":1,"visible":true,"expansion_state":0,"options":{"engine":"r","label":"plotly"},"document_id":"A17797AB","chunk_id":"cobaqghbmfbp0","chunk_label":"plotly"},{"row":69,"row_count":1,"visible":true,"expansion_state":0,"options":{"engine":"r","label":"geom-point"},"document_id":"A17797AB","chunk_id":"cov4tljq6hajn","chunk_label":"geom-point"},{"row":78,"row_count":1,"visible":true,"expansion_state":0,"options":{"engine":"r","label":"geom-smooth"},"document_id":"A17797AB","chunk_id":"c453hivdzl3k1","chunk_label":"geom-smooth"},{"row":86,"row_count":1,"visible":true,"expansion_state":0,"options":{"engine":"r","label":"geom-boxplot"},"document_id":"A17797AB","chunk_id":"cx19b8w2mjag5","chunk_label":"geom-boxplot"}],"doc_write_time":1619059579,"chunk_rendered_width":506}