"0","adult_cat <- adult_clean %>% "
"0","  mutate("
"0","    marital_status_cat = case_when("
"0","      marital_status == ""Never-married"" ~ 1L,"
"0","      marital_status == ""Married-civ-spouse"" ~ 2L,"
"0","      marital_status == ""Married-spouse-absent"" ~ 3L,"
"0","      marital_status == ""Married-AF-spouse "" ~ 4L,"
"0","      marital_status == ""Separated"" ~ 5L,"
"0","      marital_status == ""Divorced"" ~ 6L,"
"0","      marital_status == ""Widowed"" ~ 7L,"
"0","      TRUE ~ NA_integer_"
"0","    ),"
"0","    marital_age_group = case_when("
"0","      marital_status_cat == 1 & age >=30 ~ ""solteirx_convictx"","
"0","      marital_status_cat == 1 & age <=30 ~ ""solteirx_jovem"","
"0","      marital_status_cat > 1 & marital_status_cat <= 4 & age >=30 ~ ""adultos_casados"","
"0","      marital_status_cat > 1 & marital_status_cat <= 4 & age <=30 ~ ""jovens_casados"","
"0","      TRUE ~ ""divorciados, separados etc"""
"0","    )"
"0","  ) "
"0","  adult_cat %>% "
"0","    select(starts_with(""marital"")) %>%"
"0","    count(marital_age_group, sort = TRUE)"
